x;collocation_re;collocation_im;collocation_abs;galerkin_re;galerkin_im;galerkin_abs;abs_difference
-0.99750000000000005;0.23850328863965553;-0.95314252754092343;0.98252964153710431;0.23303194770802982;-0.95398311792059498;0.98203242203610452;0.0055355364488438941
-0.99250000000000005;0.29439786888929764;-0.94709623595839076;0.99179704847973404;0.2923403983410936;-0.94646878622410191;0.99058875008691372;0.0021510179510608927
-0.98750000000000004;0.34570666449857457;-0.94165343631142706;1.0031073182844639;0.34385139055433023;-0.9408727631339795;1.0017361604701689;0.0020128318405117774
-0.98250000000000004;0.39364676007795246;-0.93638384791022899;1.0157620205279561;0.39103687988758945;-0.9358850319106925;1.0142931698412936;0.0026571210001508899
-0.97750000000000004;0.43905602749651185;-0.93099513480482332;1.0293309168150293;0.43578508116743042;-0.93078154779514644;1.0277465284222722;0.0032779123384303562
-0.97250000000000003;0.48250322897255138;-0.92529275884578022;1.043540155212713;0.47902454003881867;-0.92520179036608075;1.0418554903901034;0.0034798781533227929
-0.96750000000000003;0.52436901126960422;-0.9191503642268426;1.058206148176337;0.52113766065996558;-0.91899822615343085;1.0564763135211759;0.0032349301006039436
-0.96250000000000002;0.56490442107011352;-0.91248844556315001;1.0731971711809596;0.56222463884243457;-0.91213790280472751;1.0714905964377439;0.0027026122572922692
-0.95750000000000002;0.60427363693397762;-0.90525849853601126;1.0884114927108635;0.60226472999952851;-0.90464018835922255;1.0867827176561167;0.0021019073590427782
-0.95250000000000001;0.64258290087691672;-0.89743265369945557;1.1037654426668015;0.6412063146705802;-0.89654080955648285;1.1022390671599427;0.0016402364338200474
-0.94750000000000001;0.67990148737304401;-0.88899584487385663;1.1191870463577835;0.67901264080355528;-0.88787208389090988;1.1177544469711604;0.0014327899255945867
-0.9425;0.71627548308307676;-0.87994078831104638;1.1346128672808893;0.71567884526015946;-0.87865444571403484;1.133238652943833;0.001417975306069153
-0.9375;0.7517366145025135;-0.87026489812762398;1.1499864914410014;0.75123254296926434;-0.8688947893071125;1.1486202542620947;0.0014598925613467247
-0.9325;0.78630806026246114;-0.85996819162369453;1.1652577638609587;0.78572653470158882;-0.85858822559897641;1.1638470382620587;0.0014974906368068603
-0.92749999999999999;0.82000790514772492;-0.84905210060826297;1.180382325372616;0.81922838349336147;-0.84772157166008122;1.1788837972332067;0.0015420639712966462
-0.92249999999999999;0.85285107496500778;-0.83751885330478892;1.1953212060822556;0.85181002636342162;-0.83627726180952933;1.1937084986012696;0.0016202875152161913
-0.91749999999999998;0.88485031571905071;-0.82537121117795142;1.2100403784458855;0.88353910579092421;-0.82423692684676142;1.208307851104022;0.0017337452003107776
-0.91249999999999998;0.9160166074436551;-0.81261241017745101;1.2245102507888568;0.9144727410055622;-0.81158425320673155;1.2226730528212986;0.0018548936182726647
-0.90749999999999997;0.94635927398368502;-0.79924620598146234;1.2387051195626382;0.94465384293585952;-0.79830698047290383;1.2367962314161751;0.0019469565004935755
-0.90249999999999997;0.97588595529473887;-0.78527696142259695;1.2526026121171199;0.97410971236864696;-0.78439805441855026;1.250667837399897;0.0019817962696134731
-0.89749999999999996;1.0046025429717778;-0.77070974117161939;1.266183152029037;1.0028524759482973;-0.76985604487690706;1.264275056445054;0.0019471856486425005
-0.89249999999999996;1.0325131340036389;-0.75555039842001559;1.2794294730240743;1.0308808493445762;-0.75468498453374455;1.2776011707203829;0.0018475103254818144
-0.88749999999999996;1.0596200214443325;-0.73980566157809691;1.2923261998228981;1.0581827229056942;-0.73889380973236163;1.2906257153477581;0.0017021459625257988
-0.88250000000000006;1.085923663357298;-0.72348333950425925;1.3048595116638302;1.08473806497839;-0.72249568043875267;1.3033252387127774;0.0015430858517096601
-0.87749999999999995;1.1114230773271934;-0.70659192879858879;1.3170168604307078;1.1105222320241832;-0.70550660162357992;1.3156744250590367;0.0014104812429692867
-0.87250000000000005;1.1361160918379338;-0.68914037382127846;1.3287867507480768;1.1355088748562177;-0.68794419757474468;1.3276474019309466;0.0013414730991175928
-0.86749999999999994;1.1599992373450592;-0.67113850487032012;1.3401586187316363;1.1596720462448769;-0.66982724578338748;1.3392190985927353;0.0013514638023646522
-0.86250000000000004;1.1830679510306783;-0.65259705516398581;1.3511227528113921;1.1829880831393256;-0.65117493087484812;1.350366467093107;0.0014243652529546242
-0.85750000000000004;1.2053166292588273;-0.63352805442816429;1.3616702877405369;1.2054367746136629;-0.6320066446567143;1.3610695119946039;0.0015261463229166736
-0.85250000000000004;1.2267397649843432;-0.61394284871610738;1.371793086614556;1.2270030995859169;-0.61233958588662074;1.37131191741239;0.0016247451531854089
-0.84750000000000003;1.2473314329165346;-0.59385328400006832;1.3814837771249005;1.2476768142376877;-0.5921897002458486;1.3810814870468626;0.0016990583169230048
-0.84250000000000003;1.2670851897120399;-0.57327241178176225;1.3907358254167734;1.2674520447950937;-0.57157230896037525;1.3903703068699211;0.0017392332377373716
-0.83750000000000002;1.2859943963343019;-0.55221433532962805;1.399543589727297;1.2863270075777338;-0.55050201163520585;1.3991746264274148;0.0017443287172253378
-0.83250000000000002;1.3040533604585687;-0.53069123881795011;1.4079021123222368;1.3043043528930658;-0.52898987136419351;1.4074942731612463;0.0017197815020743167
-0.82750000000000001;1.3212561100561935;-0.5087166658110307;1.4158073154333948;1.3213889607689837;-0.50704695326980198;1.4153322572676437;0.0016749893379437786
-0.82250000000000001;1.3375964396633757;-0.4863062585058901;1.4232561303089955;1.3375870063854185;-0.48468536462403916;1.4226942406335394;0.0016209213315132908
-0.8175;1.3530694102844494;-0.46347295529214866;1.4302461359272207;1.3529065149150896;-0.46191376859218963;1.4295874816585141;0.001567672818762885
-0.8125;1.3676700970343323;-0.440230643005247;1.4367757352359183;1.3673552030285576;-0.43874138038783755;1.4360202819298527;0.0015221896657401327
-0.8075;1.3813933552196649;-0.41659613786489647;1.4428443935258546;1.380939509901872;-0.41518025771449008;1.4420015868243323;0.0014868396594109839
-0.80249999999999999;1.3942353633572924;-0.3925826473416909;1.4484520645951151;1.3936655242924751;-0.39123904268066034;1.4475398378349036;0.0014594485413795236
-0.79749999999999999;1.4061922280300654;-0.36820496323761265;1.4535994899300739;1.4055371520164313;-0.36692840085477252;1.4526428112417387;0.0014348296417767677
-0.79249999999999998;1.4172600550108851;-0.34348088889633821;1.4582884435414265;1.4165559451896654;-0.34226262628816695;1.4573175533170044;0.0014071014259129644
-0.78749999999999998;1.4274361423494006;-0.3184233050269798;1.4625208858917687;1.4267221395329162;-0.31725185794499422;1.4615692952449886;0.0013718922289452248
-0.78249999999999997;1.4367174453229081;-0.29304929820532877;1.4662997336403696;1.4360332153271067;-0.29191127419866858;1.4654021930947825;0.0013278815183928574
-0.77749999999999997;1.4451014943282234;-0.26737580865553917;1.4696285761932735;1.4444849605196095;-0.26625677465201597;1.4688190736831519;0.0012776349393332817
-0.77249999999999996;1.4525863341693173;-0.2414166049516252;1.472511132508622;1.4520716666158584;-0.24030194857575227;1.4718210324213539;0.0012277383788321982
-0.76749999999999996;1.4591699440168886;-0.21519164643583247;1.4749523281170867;1.4587859521622328;-0.21406735350439068;1.4744087920458986;0.0011880590642438329
-0.76249999999999996;1.4648510519141698;-0.18871494300859662;1.4769569844815345;1.4646199115931347;-0.18756831665679455;1.4765816465229902;0.0011696913433274351
-0.75750000000000006;1.4696284139701754;-0.16200440029793847;1.4785307236795549;1.4695648796729344;-0.16082463661136412;1.4783387633791192;0.00118147321725269
-0.75249999999999995;1.4735013470189236;-0.13507845006623728;1.4796798327134417;1.4736123584292538;-0.13385709400440679;1.4796793924802536;0.0012263907056862386
-0.74750000000000005;1.4764692942756146;-0.10795153464948752;1.4804104534796796;1.4767540064572922;-0.10668279568206256;1.4806024498433752;0.0013002921186634081
-0.74249999999999994;1.4785324176331769;-0.08064558658770786;1.4807301646918261;1.4789825985025191;-0.079326498468525616;1.4811084430360055;0.0013937920509493071
-0.73750000000000004;1.4796908051474742;-0.053173975164889017;1.4806459233972236;1.4802915652846052;-0.051804432479497051;1.4811977644721415;0.0014955132595454441
-0.73249999999999993;1.4799454174721058;-0.025558100627206426;1.4801660904115983;1.4806761888361486;-0.024140752224831585;1.4808729696041867;0.0015946483249354474
-0.72750000000000004;1.4792973046855511;0.0021859756257358171;1.4792989198060587;1.4801330329522653;0.0036459371893011322;1.4801375233722236;0.001682239430899531
-0.72249999999999992;1.4777480080891958;0.03003962152581785;1.4780532988607007;1.4786604656898867;0.031534773904203672;1.4789966919366053;0.0017515877105219167
-0.71750000000000003;1.4752998954199228;0.05798324716957011;1.4764389043839108;1.4762590475272788;0.059504319002334785;1.4774577961437951;0.0017982303204749661
-0.71250000000000002;1.4719549362541287;0.08600115496813153;1.4744651684657555;1.4729303348198883;0.087537473853749645;1.4755292543902083;0.0018198016596302257
-0.70750000000000002;1.4677170267732558;0.11407079833960336;1.4721431376445568;1.4686790882943808;0.11561074997387059;1.4732223558929365;0.0018157679935255095
-0.70250000000000001;1.4625885748200902;0.14217860643635782;1.4694829346822804;1.4635098209414987;0.14371013364941215;1.4705487406086715;0.0017872520864545751
-0.69750000000000001;1.4565749957192713;0.17030033700532971;1.4664968199552033;1.4574310508670256;0.17181139304520832;1.4675232273499106;0.0017366982385118954
-0.6925;1.4496793679479512;0.19842316614501193;1.4631958251433683;1.4504498628875566;0.19990218281522171;1.4641604035913627;0.0016676788547907041
-0.6875;1.4419083260694028;0.22652289974355808;1.4595931778740601;1.4425775058886212;0.22795917026730253;1.4604777450563196;0.0015845108544362786
-0.6825;1.4332660036506566;0.2545860390518121;1.4557010299167941;1.4338231878918244;0.25597008707859109;1.456492231223804;0.0014919930358539082
-0.67749999999999999;1.4237600027014075;0.28258936248689576;1.4515334281659043;1.4241997658142513;0.28391321072061215;1.4522230146114112;0.0013949787601724131
-0.67249999999999999;1.4133957012995417;0.31051834193943806;1.4471036760138649;1.4137178747605015;0.3117757407555386;1.4476886205054642;0.001298016764790743
-0.66749999999999998;1.4021815582695898;0.33835089078130559;1.4424265831035692;1.4023910059244653;0.3395374484041494;1.4429089411208991;0.0012049013704289676
-0.66249999999999998;1.3901242334201056;0.36607159277662393;1.4375165374283005;1.3902304548504505;0.36718485010070767;1.4379031371191766;0.0011183134005682844
-0.65749999999999997;1.3772330266165449;0.39365933723695212;1.4323890824064547;1.3772496034827662;0.39469875644488395;1.4326910269254058;0.0010395513851230915
-0.65250000000000008;1.3635158127653315;0.42109814609159613;1.4270595713924776;1.3634597207077965;0.42206504154212265;1.4272915992482183;0.00096852110517396878
-0.64749999999999996;1.3489827881621759;0.44836759743783405;1.4215442536868044;1.3488736285878327;0.44926499925115349;1.4217239906014969;0.00090401649720555147
-0.64250000000000007;1.3336428928162485;0.47545155065929651;1.4158592947689475;1.3335020438473626;0.4762840185168859;1.4160064149712339;0.00084429921589190729
-0.63749999999999996;1.3175073377300743;0.50232993817325311;1.4100216139328263;1.3173571038371001;0.50310333172954991;1.410156977583505;0.00078785012249766727
-0.63250000000000006;1.3005859075904163;0.52898687635534314;1.4040480114223195;1.3004486420121795;0.529708089071806;1.4041927681552224;0.00073415912536480661
-0.62749999999999995;1.2828910053521403;0.55540231221445846;1.3979560293609352;1.2827883067677062;0.55607898970298186;1.3981307817114419;0.0006844263457225422
-0.62250000000000005;1.2644329801315626;0.58156102858850112;1.3917629076884108;1.2643849046416082;0.58220126371545589;1.391986888787909;0.00064203759276317972
-0.61749999999999994;1.2452256568772588;0.60744267210788261;1.3854867507280484;1.2452500690298785;0.60805471477634854;1.3857771359712439;0.00061252933090458444
-0.61250000000000004;1.2252796246058155;0.63303306294556305;1.3791450312626332;1.2253915920341088;0.63362501682181704;1.3795162977545192;0.00060245007810666364
-0.60749999999999993;1.2046103951076048;0.65831129229302032;1.3727563372870679;1.2048217657580476;0.65889085534015468;1.3732198099704287;0.00061690426929325885
-0.60250000000000004;1.1832284607064931;0.68326450800090432;1.3663381638963228;1.1835475025643156;0.68383870669638824;1.3669016305507933;0.00065688039165305112
-0.59749999999999992;1.1611512749654951;0.70787110511715379;1.3599094766982747;1.1615825092291927;0.70844609546471649;1.3605770084513371;0.00071873283630087656
-0.59250000000000003;1.1383889541760381;0.73211969806380794;1.3534875925855601;1.1389330696568354;0.73270056628621361;1.3542594496602487;0.00079590800237460389
-0.58750000000000002;1.1149610389369249;0.75598805265307178;1.3470917021871565;1.1156149702563298;0.75657869353725204;1.3479644214053155;0.00088118262838297575
-0.58250000000000002;1.0908772097932178;0.7794660960855142;1.3407387820873342;1.0916343224820311;0.78006910047422773;1.3417053683784208;0.0009679018113268814
-0.57750000000000001;1.0661588726566316;0.8025314529827432;1.3344480037719912;1.0670092446967281;0.80314806704837038;1.3354982388126973;0.0010504025478392622
-0.57250000000000001;1.0408158058360311;0.8251746307553004;1.3282359402305952;1.0417466444527239;0.82580473988018854;1.3293568142666197;0.001124054286764642
-0.5675;1.0148701757125243;0.84737437696708573;1.3221213288844282;1.0158662479243537;0.84801653981248704;1.3232975045194666;0.0011851299385268346
-0.5625;0.98833315194834737;0.86912049646711254;1.3161203807476714;0.98937735774685587;0.86977202072508242;1.3173347805544129;0.0012307922685660579
-0.5575;0.96122634008221131;0.8903940295394086;1.3102509701226206;0.9623002384218281;0.89105107108778325;1.311485325939026;0.001258952437593362
-0.55249999999999999;0.93356352309199608;0.91118320861579738;1.3045289154753603;0.93464796391269855;0.9118409189831056;1.3057644037030982;0.0012683039150261097
-0.54749999999999999;0.90536452867849015;0.93147212808930391;1.2989708446291015;0.90644022180365957;0.93212480828749777;1.3001886532070921;0.0012582158561435857
-0.54249999999999998;0.87664681614315887;0.95124698957656628;1.2935920823166851;0.87769492518025771;0.95188827878272697;1.2947739868297945;0.0012287328430486714
-0.53749999999999998;0.84742745121371532;0.97049526860152624;1.2884076806075484;0.84843014931522009;0.97111833995656371;1.2895365634471319;0.0011805174273298597
-0.53249999999999997;0.81772827324214292;0.98920114971500039;1.2834322901723547;0.81866922401585884;0.9897989075423379;1.2844925751917502;0.0011147657954475676
-0.52750000000000008;0.78756315653217501;1.0073552615464867;1.2786791421198336;0.78842799403871222;1.0079205612552855;1.2796572039359124;0.0010332026294398995
-0.52249999999999996;0.75695819219680494;1.024940436113742;1.2741619215448572;0.75773485002118757;1.0254662637796681;1.2750463368391218;0.00093791903191484528
-0.51750000000000007;0.72592505436115085;1.0419493260380413;1.2698919570500351;0.7266041037521509;1.0424290164764669;1.2706737496232305;0.00083139099834827785
-0.51249999999999996;0.69449161209322485;1.0583653561091866;1.2658814424265692;0.69506643683869329;1.0587927429732436;1.2665541536754132;0.00071629813595408954
-0.50750000000000006;0.66267069354473296;1.074180995525523;1.2621399523156143;0.66313763270575821;1.0745505934193245;1.2626996862787365;0.00059551220239505522
-0.50249999999999995;0.63048797676619606;1.0893824739379461;1.2586775851543124;0.63084635369250519;1.0896895978038179;1.259122925503692;0.00047197361186706807
-0.49750000000000005;0.59796106156417883;1.103960402364961;1.2555022903749582;0.59821312597261311;1.1042012865351949;1.2558341551621794;0.00034865692230130204
-0.49250000000000005;0.56511079254886087;1.1179046774768813;1.2526216810273929;0.56526159717049296;1.118076558948514;1.2528431126465462;0.00022865973453195607
-0.48750000000000004;0.53196112853349131;1.1312039526190176;1.2500420091706976;0.53201831700845559;1.1313051210418381;1.2501578966386595;0.00011621347359374549
-0.48250000000000004;0.49852735452108754;1.1438513997442137;1.2477682268364549;0.49850087597703152;1.1438812309251045;1.2477849950262265;3.9887499904963134E-05
-0.47750000000000004;0.46483922063749544;1.1558347018923532;1.2458047034513311;0.46474102824318325;1.1557936496588193;1.2457299803425237;0.00010642853084996841
-0.47250000000000003;0.43090889311064029;1.16714872637479;1.2441537781320007;0.43075251698349615;1.1670382937524311;1.2439960249020907;0.00019143891250647031
-0.46750000000000003;0.3967665607734564;1.1777825835547873;1.2428175722417938;0.39656675274344499;1.177605270799714;1.2425857568782721;0.00026713865682209139
-0.46250000000000002;0.3624275879211038;1.187730495005433;1.241796072329173;0.36219983366644043;1.1874897117818892;1.2414993093416651;0.00033143409791000538
-0.45750000000000002;0.32791684987348779;1.1969846012841436;1.241088875198836;0.32767695975307609;1.1966845741314716;1.2407361362986251;0.00038414002943152725
-0.45250000000000001;0.29325721085296758;1.205537759914495;1.2406937907062001;0.29302086994242388;1.2051834099732948;1.2402936272901968;0.00042593533174087913
-0.44750000000000001;0.25846595796569261;1.2133849983667189;1.2406078371864839;0.25824827664353289;1.2129818050458392;1.2401681465678827;0.00045820302489091601
-0.4425;0.22357354233079613;1.2205186808830375;1.2408267321486954;0.22338870125640559;1.2200725526410674;1.2403546047631353;0.00048290437051778901
-0.4375;0.18859225675852057;1.2269353770780702;1.2413450200629066;0.18845307759717225;1.2264524802473713;1.2408465855055468;0.00050255366683834917
-0.4325;0.15355362902677916;1.2326288071774114;1.2421563884112588;0.15347130781736307;1.2321154383457713;1.2416367809199129;0.00051992724377479364
-0.42749999999999999;0.11847305082498658;1.2375954291949267;1.2432531158762301;0.11845684515055174;1.2370578432122308;1.2427164325041809;0.00053783018944183341
-0.42249999999999999;0.083375360446363428;1.2418312454829559;1.2446269694118437;0.083432388826168796;1.241275521345677;1.2440763173524456;0.00055864259849889013
-0.41749999999999998;0.048284867592153238;1.245332489592166;1.2462682047104523;0.048419959414855787;1.2447643927513148;1.2457057782362919;0.00058393819976625594
-0.41249999999999998;0.013217309415703482;1.2480968297073882;1.2481668132080037;0.013432895984933413;1.2475216745618718;1.247593992930472;0.00061423204918528392
-0.40749999999999997;-0.021795132008548435;1.2501213716830872;1.2503113499117224;-0.021499032355485004;1.2495439276217211;1.2497288647736913;0.00064893501103835047
-0.40249999999999997;-0.056740939051321243;1.2514044008357759;1.252690108764164;-0.056366689194621816;1.2508287765928299;1.2520981718713109;0.00068659028853217086
-0.39749999999999996;-0.091590063121106235;1.2519446371262841;1.2552904500918469;-0.091142323279482407;1.2513742171623152;1.2546889472978469;0.00072515508759961474
-0.39249999999999996;-0.12632446887148652;1.2517408678759858;1.2580989912350258;-0.12581002757857684;1.2511782488038508;1.2574876434061659;0.00076235822562670263
-0.38749999999999996;-0.16092364954846977;1.2507927734729927;1.2611022889346684;-0.16035123073504182;1.250239725144604;1.2604808160094694;0.00079594330922481418
-0.38249999999999995;-0.1953593786122505;1.2491007614537983;1.2642855686419201;-0.19473940410166513;1.2485582142389751;1.2636538489054232;0.00082384821058740403
-0.37749999999999995;-0.22961966938938502;1.2466645286125413;1.2676346632493214;-0.22896393671419754;1.2461325752984491;1.266992849046753;0.00084436939172507586
-0.37250000000000005;-0.26367274575356187;1.2434864568615196;1.2711340941266733;-0.26299416683998306;1.2429643731171638;1.2704827289776122;0.00085617800606788239
-0.36750000000000005;-0.29750528461065079;1.2395668246007978;1.2747687268764358;-0.29681749020968134;1.2390531202960133;1.2741088090935018;0.00085845981312989881
-0.36250000000000004;-0.33109331808401354;1.2349083568359531;1.2785231460803341;-0.33041034421392379;1.2344008284032511;1.2778561737246472;0.0008509044700942645
-0.35750000000000004;-0.36441306504811399;1.2295139783026743;1.2823811854590779;-0.36374899721516663;1.2290097871860111;1.2817091674689869;0.00083378340645369063
-0.35250000000000004;-0.39745134747298883;1.2233852136528574;1.2863277010904111;-0.39681993481406908;1.2228809842782265;1.285653126770641;0.00080804035053008434
-0.34750000000000003;-0.43017689283395905;1.2165282415411118;1.2903461247259935;-0.42959127439667505;1.2160201429112323;1.289671916032761;0.00077531488556097398
-0.34250000000000003;-0.46257935235532582;1.2089443719325566;1.2944211647114228;-0.4620516725718265;1.2084282529553048;1.2937505905958198;0.00073812245094789428
-0.33750000000000002;-0.49463323422709976;1.2006399046633676;1.2985369525246562;-0.4941744020526892;1.200111388888198;1.297873524417265;0.00069989705591421878
-0.33250000000000002;-0.52631848186233743;1.1916197410108447;1.3026775316695334;-0.5259379062593259;1.1910743535033106;1.3020248833312567;0.00066504535407881744
-0.32750000000000001;-0.55762126285158509;1.1818875726784905;1.306828109292133;-0.55732662039574032;1.1813208676155445;1.3061898614158971;0.0006387243577279393
-0.32250000000000001;-0.58851216080319013;1.1714531403329578;1.3109725486863515;-0.58830926280686335;1.1708607947814529;1.3103521623825447;0.00062613165492654609
-0.3175;-0.61898253583835716;1.1603187723905299;1.3150965870363855;-0.61887517144901993;1.1596967285461952;1.3144972347010857;0.00063124136142404786
-0.3125;-0.64900719434927168;1.1484943557964751;1.319185212020463;-0.64899707647984961;1.1478389023064997;1.3186096279519508;0.00065553157727343857
-0.3075;-0.67856885357462127;1.1359866093574054;1.3232238154148035;-0.67865559711225476;1.1352944861901628;1.3226741812954455;0.00069753775521832595
-0.30249999999999999;-0.70765410107949345;1.1228013637923089;1.3271990164660668;-0.70783524414838972;1.1220698519879817;1.326676858017408;0.00075360621764895472
-0.29749999999999999;-0.73623579540941297;1.1089517446837183;1.3310962093249283;-0.73650687291631789;1.1081787208360079;1.3306022888777487;0.00081917573442989266
-0.29249999999999998;-0.7643066017933462;1.0944411345092568;1.3349029846587361;-0.7646612845893892;1.0936251468642133;1.3344372754100011;0.00088973913180919503
-0.28749999999999998;-0.79184302687617258;1.0792826680007903;1.3386061618935283;-0.79227325963119499;1.0784229650835553;1.3381677807906773;0.00096134766312535908
-0.28249999999999997;-0.81882971129139948;1.0634850633068309;1.3421931962166589;-0.81932593388876152;1.06258162230419;1.34178041795269;0.0010307485199531502
-0.27749999999999997;-0.84525483099725407;1.0470558469629994;1.3456528809405495;-0.84580621560824509;1.0461093862976281;1.3452631721940289;0.0010953596579812489
-0.27249999999999996;-0.8710934929774411;1.0300115737958522;1.3489728372584258;-0.87168816826070106;1.029023542134484;1.3486028744418039;0.0011531891676504272
-0.26749999999999996;-0.89633973513789544;1.0123565914456083;1.3521430357142112;-0.89696512542742401;1.0113291452466064;1.3517888430736016;0.0012028128308593966
-0.26249999999999996;-0.92097283114493855;0.9941066846912151;1.3551527796727876;-0.92161589715168502;0.99304265445796835;1.3548097930911309;0.001243259516873276
-0.25749999999999995;-0.94497869277451085;0.97527303779701202;1.3579919837950574;-0.94562625613648976;0.97417587181354759;1.3576552012637082;0.0012740139336164663
-0.25249999999999995;-0.96834800865358883;0.9558641438286255;1.3606520963569646;-0.96898706758797892;0.95473784296888597;1.3603162448304553;0.0012949710221753206
-0.24750000000000005;-0.99105827857998219;0.93590002452783883;1.3631233867310497;-0.9916762488420563;0.93474907753159098;1.3627830423305143;0.0013063560896554528
-0.24250000000000005;-1.0131048646288776;0.91538599881911797;1.3653984742809591;-1.0136899239148134;0.91421528005078812;1.3650482922317295;0.001308769193776909
-0.23750000000000004;-1.0344707044062971;0.89433960200823293;1.3674695470083071;-1.0350120062535115;0.89315429511299749;1.3671044027314498;0.0013030579901487348
-0.23250000000000004;-1.0551425751704389;0.87277517619054967;1.3693291649971346;-1.0556304915077208;0.87158067148342433;1.3689443383513915;0.0012903115311936272
-0.22750000000000004;-1.075114152939264;0.85070140674500128;1.370971671949583;-1.0755404999545211;0.84950319254441109;1.3705630380196192;0.0012718054284813151
-0.22250000000000003;-1.0943659916675907;0.82814134622500657;1.3723902553741612;-1.0947241629982214;0.82694492755347448;1.3719544111444;0.0012488812352166759
-0.21750000000000003;-1.1128942955529126;0.80510182728329882;1.3735802362327148;-1.1131794237668382;0.80391260223631522;1.3731146716615601;0.0012229285795783533
-0.21250000000000002;-1.1306864336905511;0.78160085117477829;1.3745369045205715;-1.1308954704699326;0.78042402824838608;1.3740401118587651;0.0011952441487898967
-0.20750000000000002;-1.1477299688917779;0.75765671062588225;1.375255529946618;-1.1478617289885831;0.75649721769500111;1.3747270962838178;0.001166955260442073
-0.20250000000000001;-1.1640216289520158;0.73327761627006915;1.3757334099275262;-1.1640768028174655;0.73214000262578494;1.3751740930888048;0.0011389508150443926
-0.19750000000000001;-1.1795458354036112;0.70848871086091114;1.3759667987402018;-1.1795269614531039;0.70737708842376412;1.3753785653490729;0.0011117826535687783
-0.1925;-1.1942991300608064;0.68329937391952333;1.3759536498235729;-1.1942104990786628;0.68221733778488403;1.3753396715299111;0.0010856600055546388
-0.1875;-1.2082737246258721;0.65772656176601729;1.3756924160850144;-1.208121280284135;0.65667713948697481;1.3750570509619495;0.00106043688971969
-0.1825;-1.2214583173357314;0.63179314935644915;1.375181080644428;-1.2212495135474761;0.63077876323709836;1.3745298186983324;0.0010356535236850685
-0.17749999999999999;-1.2338523666437733;0.60550653147496103;1.3744198129870211;-1.2335959492769735;0.60452896237964726;1.3737591609988886;0.0010106390068214931
-0.17249999999999999;-1.24544485317442;0.5788925465340804;1.373407973885169;-1.2451507006136926;0.57795292107063179;1.3727453683086479;0.00098459216965376419
-0.16749999999999998;-1.2562324498547819;0.55196444052419324;1.3721460241793992;-1.255911298499615;0.55106323070968033;1.3714896550609412;0.00095672217633956526
-0.16249999999999998;-1.2662120841477398;0.52473672148485584;1.3706354981965256;-1.2658752831280622;0.52387375407619008;1.3699941396387183;0.00092636260463986879
-0.15749999999999997;-1.2753744520065415;0.49723681711296674;1.3688770745116672;-1.2750337435889199;0.49641129425760833;1.3682599242676405;0.0008930678644746918
-0.15249999999999997;-1.2837210689952194;0.46947166530142415;1.3668735960223686;-1.2833882478821725;0.46868221235193674;1.3662900171549153;0.00085674141533144486
-0.14749999999999996;-1.2912458554647361;0.44146604377337711;1.3646274682343806;-1.2909325614066562;0.44071074486095002;1.3640868149556478;0.00081769775219314278
-0.14249999999999996;-1.297945912664908;0.41323831867722255;1.3621415125554022;-1.2976633463845242;0.41251478243521639;1.3616528949322788;0.00077675504266553816
-0.13749999999999996;-1.3038220993111638;0.3847999408604012;1.3594201194400275;-1.3035807461004771;0.38410537396041317;1.3589921632993862;0.00073530575332152648
-0.13249999999999995;-1.3088685939299749;0.35618091794266815;1.3564666757730215;-1.3086780456202916;0.35551218132432483;1.3561073475792858;0.00069535409902900941
-0.12749999999999995;-1.3130879004140696;0.32738986807743997;1.3532863554819405;-1.3129565830908956;0.32674358334799825;1.3530027192658596;0.00065949085730976321
-0.12250000000000005;-1.3164788837415002;0.29844834436565221;1.3498844637937966;-1.3164139001683097;0.29782096387172635;1.3496825119552467;0.00063073698872292007
-0.11750000000000005;-1.3190399304252043;0.26938051624957288;1.3462660214797868;-1.3190469123630531;0.26876840839409161;1.3461505169798795;0.00061214767352167816
-0.11250000000000004;-1.3207747693110574;0.24019503809385664;1.3424379492451732;-1.320857723281742;0.23959459565366378;1.3424122673081729;0.00060614559739149835
-0.10750000000000004;-1.3216820794198054;0.21092142077278853;1.3384062779291917;-1.3218433254317406;0.21032912306229434;1.3384723071459477;0.00061385409848076504
-0.10250000000000004;-1.321764959581496;0.18157278111066344;1.3341781302426354;-1.3220050703616848;0.18098529802238839;1.3343361960773814;0.00063465704579093534
-0.097500000000000031;-1.3210265442044473;0.15216564113526265;1.3297614495972012;-1.3213443293436629;0.15157991008531446;1.3300102653100563;0.0006663844667904944
-0.092500000000000027;-1.3194677715570125;0.12272939895420582;1.325163275051527;-1.3198603057093228;0.12214268451194471;1.3254999290708738;0.00070591564473933385
-0.087500000000000022;-1.3170942518298809;0.093270988026830953;1.3203926481962913;-1.3175569475684068;0.092680970251651978;1.3208126560313409;0.00074980552243708001
-0.082500000000000018;-1.31390912512208;0.063816914239155115;1.3154580143896943;-1.314435812937951;0.063221729606162097;1.315955353888667;0.0007947608462537313
-0.077500000000000013;-1.3099168306448104;0.034386307004206772;1.3103680861940787;-1.3104999058672526;0.033784599403832404;1.3109353158851718;0.00083787156018950136
-0.072500000000000009;-1.3051234712265236;0.0049905767387483577;1.3051330127625136;-1.3057540666125647;0.0043815398384821;1.3057614178580275;0.00087668494157375882
-0.067500000000000004;-1.2995337966683747;-0.024339060844601905;1.2997617006844437;-1.3002019339760929;-0.024955668076288566;1.3004414075552599;0.00090918201705335593
-0.0625;-1.293154599657129;-0.053594028026658441;1.2942647095762565;-1.2938494560441469;-0.054217862919690968;1.2949849387407226;0.00093380692455374728
-0.057499999999999996;-1.2859927424593927;-0.082753281573155396;1.2886525673234643;-1.2867028491760397;-0.083383417785120567;1.2894018056599992;0.00094938042672949993
-0.052499999999999991;-1.2780552726627075;-0.11179156817911341;1.2829351638710713;-1.2787687497595546;-0.11242650890983587;1.283701380877682;0.00095509125179520777
-0.047499999999999987;-1.2693500524795089;-0.14070138246961075;1.2771242832076257;-1.2700549103916581;-0.14133908604575143;1.2778952275731415;0.00095052118721354823
-0.042499999999999982;-1.2598857867418911;-0.1694539543230566;1.271230442630271;-1.260570121130614;-0.17009186184726927;1.271993817498309;0.0009355423908278005
-0.037499999999999978;-1.249670927292631;-0.19803558473797017;1.2652649996514302;-1.2503232133278306;-0.19867067410409794;1.2660087576851151;0.00091039308800375859
-0.032499999999999973;-1.238714691885614;-0.22643206712161307;1.259240075964166;-1.2393240277527311;-0.22706090632402937;1.2599526582161498;0.00087563059645657691
-0.027499999999999969;-1.2270278953544609;-0.25461389151245245;1.2531662657960088;-1.2275841918122281;-0.25523269152479683;1.2538367815669922;0.00083209326652831667
-0.022499999999999964;-1.2146194801582628;-0.28257531933325825;1.2470562508067635;-1.2151137304035879;-0.28318002438494932;1.2476747589119466;0.0007809939209396286
-0.01749999999999996;-1.2015011772724202;-0.31029265004651818;1.2409216766822566;-1.2019256085564949;-0.31087899707658573;1.2414793269834357;0.00072384028250042389
-0.012499999999999956;-1.1876843875616592;-0.3377461903207396;1.2347739443047405;-1.1880326274480617;-0.33830979391469185;1.2352631462727877;0.00066251039961462996
-0.0074999999999999512;-1.1731793737495715;-0.36492742126035205;1.228626007285849;-1.1734466031819317;-0.36546386771510819;1.2290405888840692;0.00059932159008333125
-0.0024999999999999467;-1.1580006562071621;-0.39180771215693877;1.2224887742150734;-1.1581836856161343;-0.39231262202210604;1.2228240441802052;0.00053706027268076643
0.0024999999999999467;-1.1421588447558784;-0.4183785330854618;1.2163747052618388;-1.142256190144002;-0.4188476655307346;1.2166275398998812;0.00047912563675573289
0.0075000000000000622;-1.1256671056761238;-0.44462334181569513;1.2102959757384217;-1.125679018111776;-0.44505266699330842;1.21046483972685;0.00042949041229793709
0.012499999999999956;-1.1085409648682418;-0.47051753696412851;1.2042631869246037;-1.1084694191083355;-0.4709033039271921;1.2043481119460089;0.00039234544160964989
0.017500000000000071;-1.0907910132256882;-0.49605634077784455;1.1982891670042872;-1.09063965270493;-0.49639516763942415;1.1982917067676395;0.00037109789728865215
0.022499999999999964;-1.0724342440758665;-0.5212156139411338;1.1923845537755882;-1.0722083207495143;-0.52150453526044316;1.1923077049913349;0.00036676542658965744
0.02750000000000008;-1.0534844023884507;-0.54598183331975925;1.1865603854802151;-1.0531906413702195;-0.54621836288071046;1.1864084570745008;0.00037714953140101441
0.032499999999999973;-1.0339545461925863;-0.57034550602029455;1.1808285226187005;-1.0336009954760339;-0.57052768718984226;1.180606987824161;0.00039772866091406352
0.037500000000000089;-1.0138643736419846;-0.59428055347492759;1.1751980022017226;-1.0134602653057681;-0.59440698641597889;1.1749133478064515;0.00042342512441110593
0.042499999999999982;-0.99322520934955216;-0.61778282053044176;1.1696802682058074;-0.99278070191394518;-0.61785269552910671;1.1693397604910767;0.00044996597176710909
0.047500000000000098;-0.97205479040355125;-0.64083458537478033;1.1642849657016785;-0.97158078907483891;-0.64084769468772684;1.1638964719792997;0.00047418257423379698
0.052499999999999991;-0.95037124787176919;-0.66341775651856727;1.1590205470333443;-0.94987916781888382;-0.66337449510297031;1.1585923157907685;0.00049397806482385457
0.057500000000000107;-0.92818688930005244;-0.6855278482925885;1.1538974530924202;-0.92768836518469899;-0.68542920438703414;1.1534378601059105;0.00050818984020930332
0.0625;-0.9055237229086488;-0.70714219894080566;1.1489226702755835;-0.90503041810706397;-0.70698973828810929;1.1484400496951228;0.00051632729725170027
0.067499999999999893;-0.88239580906336568;-0.72825349155790686;1.1441046769500045;-0.88191911058129424;-0.72804931741678569;1.1436070680961834;0.00051858318784142945
0.072500000000000009;-0.85881970460220214;-0.74885128988337279;1.1394514203655217;-0.85837048592824827;-0.74859800403465915;1.1389463827403696;0.00051570450665808839
0.077499999999999902;-0.83481828024130933;-0.76891504256208587;1.1349677985314437;-0.83440669883321261;-0.76861570031397786;1.1344622663741999;0.00050892537468005708
0.082500000000000018;-0.81040318899335806;-0.78844311818663615;1.1306616997787051;-0.81003840618924494;-0.78810115128226099;1.1301617778681232;0.00050000785780281176
0.087499999999999911;-0.78559685717820549;-0.80741831452442392;1.1265375078699045;-0.78528688088658771;-0.80703747983132068;1.1260483911205037;0.00049104008475494686
0.092500000000000027;-0.76041753043916249;-0.82582980886650315;1.1225995251253582;-0.76016902708268486;-0.82541410659583248;1.1221253927717847;0.00048431631814486943
0.09749999999999992;-0.73487970921775525;-0.84367308733820512;1.1188531920313545;-0.73469783991499471;-0.84322667589874767;1.1183971311314289;0.00048203694522834848
0.10250000000000004;-0.70900942149343482;-0.86092894673333165;1.1152995163138102;-0.70889775186878923;-0.86045608069498369;1.1148635295001788;0.00048587281802069853
0.10749999999999993;-0.6828193278048138;-0.87759560792125102;1.1119425729175441;-0.6827797298798266;-0.87710053217738837;1.111527553900769;0.00049665681091116411
0.11250000000000004;-0.65633031745763493;-0.89366222637300097;1.1087838655301532;-0.65636292738305524;-0.89314910654880175;1.1083896512381268;0.00051415499727431604
0.11749999999999994;-0.62956538134057527;-0.90911580353326826;1.1058228219820949;-0.62966859738516889;-0.90858864921528815;1.1054482692626859;0.00053716405950755353
0.12250000000000005;-0.60253704970251953;-0.92395576551205882;1.1030617176238104;-0.60270756814055648;-0.92341833738073131;1.1027047830244039;0.00056383112192636266
0.12749999999999995;-0.57527195576974177;-0.93816724377242777;1.1004978874957905;-0.57550482036807005;-0.9376230000315704;1.1001557564522793;0.00059196889328495871
0.13250000000000006;-0.54778589127063126;-0.95174658678678792;1.0981306607756023;-0.54807462432033938;-0.9511986067178172;1.0977998830596576;0.00061939400221741234
0.13749999999999996;-0.5200967254389981;-0.96468900747160591;1.095958705859359;-0.52043345890389436;-0.96413993497996087;1.0956353405078876;0.0006441040501831512
0.14250000000000007;-0.49223162614950677;-0.9769814793815309;1.0939765924535645;-0.4926072474195935;-0.9764334831921978;1.0936563661905674;0.00066437275837075214
0.14749999999999996;-0.4642017878490271;-0.98862567264023848;1.0921831441867234;-0.46460619219566468;-0.98808039890578692;1.0918616160156809;0.00067887135825730961
0.15250000000000008;-0.43603266239193433;-0.99961185832869381;1.0905724872670974;-0.43645492332485686;-0.99907040857727913;1.0902451932429136;0.00068663828088711993
0.15749999999999997;-0.40774395354418325;-1.0099351225624573;1.0891391478764716;-0.40817258851228233;-1.0093980393113808;1.0888017559585752;0.00068715817281335694
0.16250000000000009;-0.37935028561095163;-1.0195952496120682;1.0878791808949218;-0.37977353146804682;-1.0190625115660317;1.0875276261700113;0.00068040199973472542
0.16749999999999998;-0.35088087652053801;-1.0285817415396781;1.0867832297825626;-0.35128689487014908;-1.0280527691308059;1.0864138155532768;0.00066683034541697972
0.1725000000000001;-0.32234728656828698;-1.0368968231127185;1.0858465798349164;-0.32272450118177537;-1.0363705072612606;1.0854560939918243;0.00064753319615680743
0.17749999999999999;-0.29377228343504086;-1.044535916804104;1.0850610287022697;-0.29410960140259473;-1.044010643135644;1.0846467999388989;0.00062425622785207749
0.18250000000000011;-0.26517931378382587;-1.0514942021809395;1.0844169519511353;-0.2654663753589166;-1.0509678947674603;1.0839768965610608;0.00059950299530250634
0.1875;-0.2365802096423546;-1.0577745429022716;1.0839082891123815;-0.23680766987737512;-1.0572447269424841;1.0834409467804138;0.00057657879753001263
0.19249999999999989;-0.20800385130574184;-1.0633705082805929;1.0835231608225768;-0.20816354763856326;-1.0628343542831678;1.0830276668718997;0.00055943187938439234
0.19750000000000001;-0.17946369636361093;-1.0682842725659516;1.0832536661946983;-0.17954888132794888;-1.0677386844966565;1.0827297442837565;0.00055219817050255202
0.2024999999999999;-0.15097891967712368;-1.0725157655374131;1.0830903478072245;-0.15098441681524683;-1.0719574493148034;1.0825382521013007;0.00055834328415117697
0.20750000000000002;-0.12257580029068883;-1.0760616981888032;1.08302059312179;-0.12249811897326136;-1.0754872337854566;1.0824410280414729;0.00057969279604764797
0.21249999999999991;-0.094263915334643941;-1.0789269847571736;1.0830369911371556;-0.094101368123427384;-1.0783329322076674;1.0824310509987629;0.00061588962278089868
0.21750000000000003;-0.066070527498910139;-1.0811094191670791;1.0831264426722134;-0.065823273227653314;-1.0804923807956202;1.082495491101829;0.00066473380123738604
0.22249999999999992;-0.038011107009320047;-1.0826117322183668;1.083278822368889;-0.037681161716301939;-1.0819684527916809;1.0826244052231198;0.00072296079920160521
0.22750000000000004;-0.010101194161242208;-1.0834373102530028;1.0834843973826964;-0.0096924081269841172;-1.082764760416155;1.0828081405190642;0.00078703831218594885
0.23249999999999993;0.017631460984029845;-1.0835855268442793;1.0837289616886807;0.01811346542806952;-1.0828809672457826;1.0830324495844876;0.00085365831098151482
0.23750000000000004;0.045178939954634956;-1.0830626880823973;1.0840045769883504;0.045726904041924588;-1.0823237648348352;1.0832892880849099;0.00091993054452325733
0.24249999999999994;0.072516290453678578;-1.0818704758159579;1.0842980857787259;0.073121436208511414;-1.0810952703176699;1.0835652854980318;0.0009834352796030928
0.24750000000000005;0.099626641447314562;-1.0800129695300524;1.0845983044607777;0.10027887710612823;-1.0792000615757769;1.0838489867591454;0.0010422239187202562
0.25249999999999995;0.12649766672611637;-1.077496055201034;1.084896035876683;0.12718581092885037;-1.0766445753021192;1.0841308832558503;0.0010947878616482313
0.25750000000000006;0.15310161895273799;-1.0743224133915004;1.0851768305862817;0.15381360233823627;-1.0734320698034816;1.0843961604260926;0.0011400140551553304
0.26249999999999996;0.17943176551262585;-1.070499420726049;1.0854329865310821;0.18015495916853586;-1.0695705324222113;1.0846367747494776;0.0011772181382202884
0.26750000000000007;0.20546570643967352;-1.0660321397314589;1.0856521908342409;0.20618715438797572;-1.0650656452267238;1.0848400671420782;0.0012060674814423781
0.27249999999999996;0.23118619913860045;-1.0609266079735378;1.0858233402254667;0.2318929267289776;-1.0599240627038169;1.0849946304777254;0.0012266054397564062
0.27750000000000008;0.25658353558560709;-1.055190521295156;1.0859383716237094;0.25726286922302866;-1.0541540842503716;1.0850921699204197;0.0012392319955253871
0.28249999999999997;0.28163119668676728;-1.0488300232087384;1.0859836778383289;0.28227100395931393;-1.0477624332858404;1.0851189042133882;0.0012446290971518249
0.28750000000000009;0.30632351283067388;-1.04185348032541;1.0859524708655963;0.30691254484201164;-1.0407580076528145;1.0850679889642194;0.001243792220101209
0.29249999999999998;0.33064049572445781;-1.0342688440915047;1.0858338635681299;0.33116861595896135;-1.0331492468841772;1.0849285776185991;0.0012379050402787494
0.2975000000000001;0.35456576095985137;-1.0260843858928126;1.0856178175666007;0.35502419211392089;-1.0249448441201818;1.0846907902599183;0.0012282974292051421
0.30249999999999999;0.37809168573381019;-1.017309202132743;1.0852978096195498;0.37847324408797306;-1.0161542394064269;1.0843483917791958;0.0012163575448078565
0.30750000000000011;0.40119359609254884;-1.0079527302267537;1.084861745992197;0.40149284179751227;-1.0067871479166275;1.0838896914468461;0.001203382779342545
0.3125;0.42386737345715142;-0.99802429780039359;1.0843044080337554;0.4240807711435427;-0.99685306844840571;1.0833099928130932;0.0011905111370815054
0.31749999999999989;0.44609494087099477;-0.98753440446886287;1.0836165817669865;0.44622095016578012;-0.98636259396239645;1.0826007126983979;0.0011785661650655797
0.32250000000000001;0.46786207114344336;-0.97649345351602967;1.0827900915571285;0.46790119063356661;-0.97532612254153506;1.0817543942634182;0.0011679862749716104
0.3274999999999999;0.48916266954408089;-0.96491175871296464;1.0818201418803581;0.48911743991763607;-0.96375385906960631;1.0807670289674556;0.0011587826816093184
0.33250000000000002;0.50997435710224837;-0.95280177693896206;1.0806965675155515;0.50984932748230216;-0.95165807351920462;1.0796293000972324;0.001150517239431366
0.33749999999999991;0.53029516362458251;-0.94017361274517597;1.0794162230881741;0.5300967636948577;-0.93904857415487519;1.0783389093889111;0.0011423985126831908
0.34250000000000003;0.55010832026238987;-0.92704022003666531;1.0779715829220808;0.54984474869954603;-0.92593794544365682;1.0768891895106421;0.0011333486873561813
0.34749999999999992;0.56940305192924812;-0.91341364987242413;1.0763569720680986;0.56908406861290695;-0.91233778811601907;1.0752752748824135;0.0011221536770866074
0.35250000000000004;0.58817404149543306;-0.899305510303823;1.0745692643807987;0.58781072663945233;-0.898259186751307;1.0734947680056575;0.0011076058238949403
0.35749999999999993;0.60640204804547815;-0.88473082603295472;1.0726006145843405;0.60600657987650597;-0.88371659267372848;1.0715404756799831;0.0010886066229991171
0.36250000000000004;0.62408734981959824;-0.86970023872678259;1.0704501508460225;0.62367264057082372;-0.86872002270585946;1.0694120068741762;0.0010643341621377643
0.36749999999999994;0.64121409382294292;-0.8542292614830248;1.0681119535381167;0.6407935308031999;-0.85328433560887407;1.0671037936933356;0.0010342911394839013
0.37250000000000005;0.65777614203148571;-0.83833074556612619;1.0655833575968059;0.65736321404219855;-0.83742171361747975;1.0646133202313062;0.00099842306062945438
0.37749999999999995;0.67376796748909928;-0.82201803239740656;1.062862606173016;0.67337591860861068;-0.82114482566964742;1.0619387705918011;0.00095717935314976546
0.38250000000000006;0.68917493952381348;-0.80530780362544174;1.0599446947117972;0.68881646110935124;-0.80446969272987001;1.0590748810240482;0.00091155726474610949
0.38749999999999996;0.70399885654713767;-0.78821127685882164;1.0568308317735111;0.70368569103137579;-0.78740690979037864;1.0560223450987856;0.00086317959953765926
0.39250000000000007;0.71822492560209938;-0.7707466053255303;1.0535166697195493;0.71796760551985761;-0.76997403892059979;1.0527760935676775;0.00081429262231225163
0.39749999999999996;0.73185243873893113;-0.75292635242445904;1.0500028972642512;0.73165995388364435;-0.7521831251291009;1.0493358575051159;0.00076774815667648955
0.40250000000000008;0.74487473745072075;-0.73476638415997941;1.046288685680874;0.74475428863855109;-0.7340495797722838;1.0456996394803724;0.00072685379999884773
0.40749999999999997;0.75728342263911674;-0.71628355238727581;1.0423724428555037;0.75724021408599973;-0.71558988240076704;1.0418644929276333;0.0006950144093797948
0.41250000000000009;0.7690804720831409;-0.69749025698435152;1.0382569196146605;0.76911752031133251;-0.69681616669605018;1.0378316483027634;0.00067510761215848112
0.41749999999999998;0.78025329081438055;-0.67840683871447638;1.0339395710781361;0.78037132525160458;-0.67774858763990653;1.0335969007900681;0.00066875003218179571
0.4225000000000001;0.79080626753434369;-0.6590447610276694;1.0294243778974821;0.79100366641430608;-0.65839855465969466;1.0291625027462135;0.00067568408877338455
0.42749999999999999;0.80073133833076549;-0.63942323283091129;1.0247110553072572;0.80100412311725822;-0.63878531338240219;1.0245263695210103;0.0006937959084111449
0.43250000000000011;0.81002752591259952;-0.6195573826022196;1.0198019136445078;0.81036943813590057;-0.61892414958787723;1.0196890355435682;0.00071964436973812908
0.4375;0.81869489406439888;-0.59946243065960125;1.0147002194438684;0.81909751558172095;-0.59883055090312154;1.0146520431788839;0.00074925036727357399
0.44249999999999989;0.82672673105282923;-0.57915829732512469;1.0094064697622234;0.82717965860837372;-0.57852479785412536;1.0094142506164763;0.00077875859566873618
0.44750000000000001;0.83412907653948476;-0.5586566936640035;1.0039265997592703;0.83462019868939497;-0.55801907441695253;1.0039801608963583;0.00080483493359959676
0.4524999999999999;0.84089420293924999;-0.53797974377778379;0.99826112077554463;0.84140994566811067;-0.53733604714969019;0.99834899921603915;0.00082482477617475591
0.45750000000000002;0.84702822999336602;-0.51713944277525759;0.99241625625520591;0.84755395334543837;-0.51648833973145991;0.99252602429862835;0.00083685137064880462
0.46249999999999991;0.85252837653506175;-0.4961554954632974;0.98639490493206539;0.85304870999387616;-0.49549633834024676;0.98651341751179877;0.00083978272263138254
0.46750000000000003;0.8573963129778559;-0.47504409816978954;0.98020167961188998;0.85789558341172922;-0.47437696330998402;0.9803154264605618;0.00083327059668980509
0.47249999999999992;0.86163583006325695;-0.45382041863917938;0.97384253143033239;0.86209849435085961;-0.45314613357884553;0.97393800230788619;0.00081775215414714734
0.47750000000000004;0.86524457849920811;-0.43250533332392455;0.96732054871997397;0.86565562337098656;-0.43182547977149177;0.96738456843888632;0.00079445499518275347
0.48249999999999993;0.86823106183799492;-0.41111022562906518;0.96064394775437634;0.86857648221197792;-0.41042712429103395;0.96066410873184094;0.0007654689234597408
0.48750000000000004;0.87059214327865386;-0.38965825852609448;0.95381562074444393;0.87085929819109742;-0.38897494020464862;0.95378059392771286;0.0007336863605562732
0.49249999999999994;0.87233701793217799;-0.36816045441216788;0.94684422850212224;0.87251506068855689;-0.36748059688171392;0.94674416830149888;0.00070278409544749748
0.49750000000000005;0.87346601677538693;-0.34663789379818377;0.93973438368418849;0.87354620607835298;-0.34596575966792248;0.93956121727989983;0.00067690074115211692
0.50249999999999995;0.87398561094080673;-0.32510504813092178;0.93249350692205046;0.87396161228178892;-0.32444538640903564;0.9322412287086923;0.00066009811615883301
0.50750000000000006;0.87390100976828511;-0.30357869621710981;0.92512863952582758;0.87376912745401336;-0.30293664109562751;0.92479354269482705;0.00065545993305412772
0.51249999999999996;0.87321587301397374;-0.28207758576366848;0.91764575151515626;0.87297519920144284;-0.28145854024169359;0.91722658503544463;0.00066418464474521399
0.51750000000000007;0.87193958185654885;-0.26061412653497229;0.91005404089963793;0.871592085401106;-0.26002362497967046;0.90955211443952844;0.00068516120246203487
0.52249999999999996;0.87007422802396739;-0.23921051209857169;0.90235848273840913;0.86962475739665479;-0.23865409860924414;0.90177768738208508;0.00071527604176460928
0.52750000000000008;0.86763156514336681;-0.2178763908134459;0.89456953587019816;0.86708774535316202;-0.21735946149881869;0.89391626769216281;0.00075030385880611261
0.53249999999999997;0.86461442393547194;-0.19663462700934031;0.88669232466305381;0.86398651763610956;-0.19616230838112969;0.88597536866799231;0.00078571700206481589
0.53750000000000009;0.8610345372028827;-0.17549521106787763;0.87873718674239643;0.86033514950105539;-0.17507220816068631;0.87796745243617202;0.00081735831613779229
0.54249999999999998;0.85689738402980908;-0.15447864328852529;0.87071050182560306;0.85614117158210656;-0.15410912238060603;0.8699007571435392;0.00084166677934305139
0.5475000000000001;0.85221337358204496;-0.13359755071427507;0.86262155066340851;0.85141660481986614;-0.13328501639068949;0.86178601204548133;0.00085587274977245835
0.55249999999999999;0.84699103171233592;-0.11286877455220166;0.85447830169644623;0.84617114266333515;-0.11261596916461365;0.85363221541074674;0.00085797938009307977
0.55750000000000011;0.84123955824602015;-0.092308003312764397;0.8462888170320747;0.84041462989456117;-0.092116825436733135;0.84544796390396126;0.00084679145326617921
0.5625;0.83497010204237876;-0.071928346339672156;0.83806250262842585;0.83415829621661719;-0.071799785708857367;0.83724266038875939;0.00082192246260576153
0.56749999999999989;0.82819119903411087;-0.051748180150000087;0.82980632457603942;0.82741021267552206;-0.051682282591600223;0.82902274900851225;0.0007837615584505729
0.57250000000000001;0.82091594298206527;-0.03177742896006476;0.82153076049131935;0.82018239316065944;-0.031773284129020293;0.82079759967673516;0.00073356153123573463
0.5774999999999999;0.8131528711082584;-0.012036306960293217;0.81324194707162412;0.81248178031085849;-0.012092061003672786;0.81257175761677736;0.00067340283019008522
0.58250000000000002;0.80491630108080936;0.0074674983895453989;0.80495093967136278;0.80432052387311392;0.0073545922737546926;0.8043541478422509;0.000606381292746004
0.58749999999999991;0.79621542170372817;0.026713137850055857;0.79666341041411071;0.79570521202496569;0.026546659408964501;0.79614791940284013;0.00053668332156972726
0.59250000000000003;0.78706510041020328;0.045693881227953342;0.78839038747653289;0.78664767570776462;0.045478130745075313;0.78796118310009067;0.00046988472316953321
0.59749999999999992;0.77747574740912806;0.064389765959037351;0.78013753900811733;0.77715499014173761;0.064129658349361809;0.77979644252985036;0.00041296633421492279
0.60250000000000004;0.76746229964509072;0.082793760744678938;0.77191527267879478;0.76723853578519008;0.082494663677918342;0.77166076764931835;0.00037353623698702191
0.60749999999999993;0.75703654066139636;0.10088761070411734;0.76372942452818948;0.75690642951760623;0.10055519839550783;0.76355660626403532;0.00035696897995971129
0.61250000000000004;0.74621343039531152;0.11866363380925384;0.75558953254472438;0.74617000028601954;0.11830369458047392;0.75549019416417862;0.00036254989009485729
0.61749999999999994;0.73500599879396655;0.13610545200813887;0.74750151326231851;0.73503876905097287;0.13572371501557617;0.74746432612239011;0.00038314099393704836
0.62250000000000005;0.72342932863617804;0.15320482951333886;0.73947394363642216;0.72352461173858484;0.15280676404241039;0.7394848010125582;0.0004093103819227743
0.62749999999999995;0.71149748902512788;0.16994713744883142;0.73151261534994316;0.71163876048557928;0.16953777299846698;0.73155504365613622;0.00043305528372281435
0.63250000000000006;0.69922580079260999;0.18632387398186717;0.72362511462060064;0.69939424463479538;0.18590761522050767;0.7236808349163687;0.00044904864366650563
0.63749999999999996;0.68662916503230931;0.20232190057316168;0.71581684928793243;0.68680426870485367;0.20190236568087439;0.71586637634319883;0.00045461062678410746
0.64250000000000007;0.67372322418970909;0.21793282138024578;0.70809441280618157;0.67388351219746867;0.21751269655117639;0.70811775939638744;0.00044966333787859494
0.64749999999999996;0.66052353485862636;0.23314467559288088;0.70046254707831779;0.66064732492756417;0.23272559719605063;0.70043992713451519;0.00043697904281263071
0.65250000000000008;0.64704609613891306;0.24794957292258829;0.69292686572328932;0.6471123353867565;0.24753204335258927;0.69283943817886851;0.00042275120316615384
0.65749999999999997;0.63330698548146624;0.26233640533231939;0.68549115780023384;0.63329606856671417;0.26191974098390058;0.68532172093049104;0.00041680733951187971
0.66250000000000009;0.61932254266766706;0.27629818252995064;0.67816008252159621;0.61921713937527056;0.27588050816971543;0.6778937383425766;0.00043076876075908013
0.66749999999999998;0.6051092759033132;0.28982433682069741;0.67093619815731298;0.60489508880943421;0.28940261386643268;0.67056091548680108;0.00047299721070858861
0.6725000000000001;0.59068380346124338;0.3029091425352583;0.66382324778730539;0.59035025998834101;0.30247925157567757;0.66333033030465594;0.00054411164795933583
0.67749999999999999;0.57606301735190757;0.3155422964812708;0.65682230536824671;0.57560383874012111;0.31509914978601677;0.65620671542451769;0.00063814104321592178
0.68250000000000011;0.56126371592948465;0.3277196394862818;0.64993624373779291;0.56067734613171105;0.32725735084447377;0.64919678075837806;0.00074668623134872705
0.6875;0.54630316510982135;0.33943093493905052;0.64316444849090249;0.54559303735461451;0.33894300806831024;0.64230376390632216;0.000861599709787278
0.69249999999999989;0.53119822686227325;0.35067376600976868;0.63650895232439353;0.53037282129815189;0.35015333807044158;0.6355333899439386;0.00097577640129015305
0.69750000000000001;0.51596655041008144;0.36143793064185137;0.62996734744647109;0.51503927891360413;0.36087801598689495;0.62888663624415087;0.0010832067434309277
0.7024999999999999;0.50062496661034173;0.37172265212873096;0.62354076634910027;0.49961379455738392;0.37111643188126853;0.62236753588559879;0.001178970699006689
0.70750000000000002;0.48519148140898166;0.38151814218449481;0.61722513432924175;0.48411840119092714;0.38085923249964676;0.6159743349782355;0.0012592311651029378
0.71249999999999991;0.46968291716091942;0.39082454047220488;0.61102034672185934;0.46857313835616959;0.39010728741272499;0.60970852190326519;0.0013213859946303449
0.71750000000000003;0.45411743836434276;0.39963370139274718;0.60492127017940112;0.45299847744087979;0.39885343584508443;0.60356580738904031;0.0013641436409361611
0.72249999999999992;0.43851208454540253;0.40794532334235201;0.59892590120084999;0.4374126153140569;0.4070986121090252;0.59754420423678922;0.0013877148494260423
0.72750000000000004;0.42288487943971942;0.41575404187122322;0.5930287046939674;0.42183353490109221;0.41483888561281956;0.59163741614576482;0.0013938566340182348
0.73249999999999993;0.40725337621447649;0.42305820304222086;0.58722530224727454;0.40627742713719778;0.42207419725200768;0.58583954781761516;0.0013859090867059951
0.73750000000000004;0.39163516177564606;0.42985585642357532;0.58151023829394599;0.39075920657030061;0.4288042863737504;0.58014297680136762;0.001368611373422191
0.74249999999999994;0.3760485581180828;0.43614366081353356;0.57587655876109389;0.37529324946093595;0.43502753653020271;0.57453805847000694;0.0013476737674236253
0.74750000000000005;0.36051058477099351;0.44192292927047466;0.57031899595482582;0.35989145360999775;0.44074693892407973;0.5690164519172215;0.0013290134270691287
0.75249999999999995;0.3450402810634754;0.44718938907003075;0.56482842107421383;0.34456675324931785;0.44595978704122025;0.56356577176282341;0.0013176303503015319
0.75750000000000006;0.32965452586635158;0.45194589495129778;0.55939896173258896;0.32932915817029418;0.45067029655051138;0.5581768632020504;0.0013164404345531564
0.76249999999999996;0.31437213839045858;0.45619017540330231;0.55402104430308907;0.3141901644834092;0.45487729201358318;0.55283705578381992;0.0013254347580500586
0.76750000000000007;0.29921093528696213;0.45992360901344331;0.54868653156720482;0.29916014984131756;0.45858290213769437;0.54753545399919978;0.0013416683972464318
0.77249999999999996;0.28418871654064176;0.46314772252134473;0.54338663903865514;0.28424975945294717;0.46178900314990212;0.54226101572880814;0.001360089911541189
0.77750000000000008;0.26932462556608816;0.46586181946899352;0.53811057300082354;0.26947164112887867;0.46449480783360342;0.53700129597335922;0.0013748943184821638
0.78249999999999997;0.25463572073659968;0.46807016268423363;0.53284991082883038;0.25483748051846655;0.46670400736154183;0.53174690592830154;0.0013809733434422614
0.78750000000000009;0.24014110961825372;0.4697731082827003;0.527593144188091;0.24036246426509075;0.46841591563403701;0.5264860722249548;0.0013751253634712887
0.79249999999999998;0.22585876505597363;0.47097396502372846;0.52233002736084555;0.22606249130119299;0.46963233321032316;0.52120895845128556;0.0013570115348560475
0.7975000000000001;0.21180634766172046;0.47167672245898262;0.51705015174492086;0.21195525875678312;0.47035532666530566;0.51590615913854065;0.0013297598872653376
0.80249999999999999;0.19800313759269697;0.47188303536665621;0.51174099070076595;0.19806235246893741;0.47058428126501395;0.51056660803389731;0.0013001033105491167
0.80750000000000011;0.18446621494929957;0.4715986646703213;0.50639222444321885;0.18440554553862962;0.47032243786400874;0.50518175024811018;0.0012776680470849248
0.8125;0.17121364166098024;0.47082785434394714;0.50099199546194317;0.17100985905827179;0.46957139375657897;0.49974159895852788;0.0012728788460714534
0.81749999999999989;0.15826407969097892;0.4695744136535871;0.4955276469366191;0.15790297848831322;0.46833232138823555;0.49423528189757382;0.0012935174039079437
0.82250000000000001;0.14563422359550921;0.46784525917094721;0.48998827905471121;0.1451123015004146;0.4666096772937709;0.48865342625519803;0.0013412923799658654
0.8274999999999999;0.13334183433178265;0.46564590890859081;0.48436159763783115;0.1326674100452063;0.46440685468516929;0.48298485314414868;0.0014107102774498846
0.83250000000000002;0.12140497153560891;0.46298189543372531;0.47863493668240203;0.12059862686229726;0.46172776258358889;0.47721751386712397;0.0014909865653215564
0.83749999999999991;0.10983998095052325;0.45986119359739824;0.47279714338396239;0.10893416005494605;0.45857941847973388;0.47134035927351636;0.0015695409988680665
0.84250000000000003;0.09866399268156735;0.45629098185650868;0.46683620636733514;0.097701709313455856;0.45496883234637991;0.46534101732965621;0.0016352579636490813
0.84749999999999992;0.087894726539543833;0.45227818321646251;0.46073966398286703;0.08692733886352616;0.45090364767112223;0.45920633894254753;0.0016808292242565222
0.85250000000000004;0.077548608944961142;0.4478316145399921;0.45449636052535619;0.076632654443087547;0.4463943487171923;0.45292436266295055;0.0017043197161597566
0.85749999999999993;0.067642475856247691;0.44296001214864844;0.4480949418401125;0.066835722187015834;0.44145226999899789;0.44648305729056292;0.0017100110738389744
0.86250000000000004;0.058193847862582485;0.43767195755225163;0.44152380044191658;0.057550735771284431;0.43608944448624654;0.43987053865897779;0.0017081981050365942
0.86749999999999994;0.049220641564683976;0.43197634662390283;0.43477147514363607;0.048787388371920648;0.43031891876610717;0.43307572214589002;0.0017131186277770485
0.87250000000000005;0.04074043052103353;0.42588313067903688;0.42782732927667999;0.040550172330955661;0.42415525409198868;0.42608918790543093;0.0017383197861616426
0.87749999999999995;0.03277186604393019;0.41940205018823951;0.42068049028461002;0.032840304604092166;0.41761294162565554;0.41890220173654225;0.0017904170701901552
0.88250000000000006;0.025334598070128556;0.41254289773144648;0.41332007491535377;0.025656637918803488;0.41070627832385176;0.41150687737135788;0.0018646395127445282
0.88749999999999996;0.018449420969086208;0.40531553386382857;0.40573521307056271;0.018997331449905716;0.40344894085453509;0.4038959599684846;0.0019453471045896057
0.89250000000000007;0.012138061284249074;0.39773015700190317;0.39791533059244993;0.012861682328832114;0.39585378449593245;0.39606267379302473;0.0020110696649609894
0.89749999999999996;0.0064234336405755155;0.38979714751933775;0.38985006953179735;0.0072528562235769922;0.3879322282812066;0.38800002276111023;0.0020410452189857276
0.90250000000000008;0.0013300506515318555;0.38152682758455136;0.38152914593968784;0.002181041668767647;0.37969361547667135;0.37969987961086749;0.0020211017648534874
0.90749999999999997;-0.0031160617453731276;0.37292958747985638;0.37294260558254377;-0.0023338425162183485;0.37114505465534098;0.37115239244278969;0.0019484415116272874
0.91250000000000009;-0.0068873988290495958;0.36401593553872535;0.36408108655732702;-0.0062596742953234252;0.36229136648746407;0.36234543981349832;0.0018352592467577918
0.91749999999999998;-0.0099550399413145113;0.3547965463327275;0.35493618033368257;-0.0095503859225359172;0.35313528085725643;0.35326440021236605;0.0017098385464440207
0.9225000000000001;-0.012288727110477474;0.34528231265914577;0.34550092365903146;-0.012145432745059123;0.3436779577809923;0.34389249802965793;0.0016107413976847679
0.92749999999999999;-0.013856911629995944;0.33548439285492992;0.33577044516925914;-0.013970963098806022;0.33391988000496509;0.33421201964088376;0.0015686644622872152
0.93250000000000011;-0.014626678752525005;0.32541423367277889;0.32574278688586722;-0.014943124377577485;0.3238621288500505;0.32420668634291067;0.00158403510515126
0.9375;-0.014563400376215757;0.31508353387836052;0.31541992003009878;-0.014973775107713611;0.31350799609067548;0.31386538126044955;0.0016281052609322954
0.94249999999999989;-0.013629878770277965;0.30450409241497711;0.30480898263135453;-0.013978540732460992;0.30286479435241143;0.30318720827095846;0.0016759663784828534
0.94750000000000001;-0.011784626482100311;0.29368745776124233;0.29392380010401359;-0.01188658389786644;0.29194559893412858;0.2921874802481586;0.0017448402471927913
0.9524999999999999;-0.0089787696135199199;0.28264426008540239;0.28278683856042036;-0.0086505674503756999;0.28077047341207068;0.28090370424266708;0.0019023125813199232
0.95750000000000002;-0.0051508062694987158;0.27138304327582768;0.27143191960945873;-0.0042539074821597925;0.26936646625442434;0.26940005358437236;0.0022070365465895686
0.96249999999999991;-0.00021865690149093509;0.25990855479105424;0.25990864676731135;0.0012890338591765721;0.25776553465316182;0.25776875773320646;0.0026202417333548813
0.96750000000000003;0.0059328099345866067;0.24821897553585859;0.24828986698975675;0.0079477860055439872;0.24599871565348447;0.2461270716633053;0.0029982799255257649
0.97249999999999992;0.01347082716939433;0.23630162456307657;0.2366852782827375;0.015717076749656202;0.23408445598753752;0.23461150661580088;0.0031561802339512405
0.97750000000000004;0.022640947869099488;0.22412730051627827;0.22526797232879198;0.024699092131384111;0.22200902075442192;0.22337871529859765;0.0029534838672092547
0.98249999999999993;0.033805934652453115;0.21164167226730529;0.21432461048098839;0.035251949109109296;0.20969440980392423;0.21263688630857852;0.0024254461260047699
0.98750000000000004;0.04749899554493775;0.19875374691709247;0.20435069486390708;0.048233790869653709;0.19694983080687223;0.20277015173963126;0.0019478289200893764
0.99249999999999994;0.064497572519361196;0.18531993337724734;0.19622286963511071;0.065386629478916158;0.1834000848607798;0.19470747916182957;0.0021157127885220424
0.99750000000000005;0.085923735035083645;0.17112253893479826;0.191483188750007;0.089917256016055755;0.16838302608981429;0.19088728717392364;0.0048428442524302406
